{
    "type" : "International",
    "delayed" : false,
    "duration" : 150,
	"departureDate":{"$date": "2020-02-20T21:30:00Z"},
	"distanceKm": 1870,
    "departure" : {
        "code": "CDG",
        "city": "Paris",
        "country":"France",
        "runwayLength": 4215,
		"location": {
			"type": "Point",
			"coordinates": [2.3, 48.8]
		}
    },
    "destination" : {
        "code": "OTP",
        "city": "Bucharest",
        "country":"Romania",
        "runwayLength": 3500,
		"location": {
			"type": "Point",
			"coordinates": [26.1, 44.4]
		}
    },
    "aircraftCode" : "1b7ad0de-5836-489b-9791-5a81a51cdb81",
    "crew":[
        {"name": "Renaud Cahun", "position": "Captain", "hoursSlept": 8},
        {"name": "Nina Peltier", "position": "Attendant", "nationality": "France", "hoursSlept": 6},
		{"name": "Lou Galopin", "position": "Attendant", "nationality": "France", "hoursSlept": 7}
    ]
}
{
    "type" : "International",
    "delayed" : false,
    "duration" : 120,
	"departureDate":{"$date": "2020-02-20T21:20:00Z"},
	"distanceKm": 1730,
    "departure" : {
        "code": "CDG",
        "city": "Paris",
        "country":"France",
        "runwayLength": 4215,
		"location": {
			"type": "Point",
			"coordinates": [2.3, 48.8]
		}
    },
    "destination" : {
        "code": "LIS",
        "city": "Lisabon",
        "country":"Portugal",
        "runwayLength": 3805,
		"location": {
			"type": "Point",
			"coordinates": [-9.1, 38.7]
		}
    },
    "aircraftCode" : "eede6be6-f716-4e2e-bf81-885f0a16a50c",
    "crew":[
        {"name": "Pierre Cotard", "position": "Captain", "nationality": "France", "hoursSlept": 4},
        {"name": "Amanda Lucas", "position": "Attendant", "hoursSlept": 6},
        {"name": "Joe Stan", "position": "Attendant", "nationality": "UK", "hoursSlept": 8}
    ]
}
{
    "type" : "International",
    "delayed" : true,
    "duration" : 260,
	"departureDate":{"$date": "2020-02-20T23:00:00Z"},
	"distanceKm": 3200,
    "departure" : {
        "code": "IST",
        "city": "Istanbul",
        "country":"Turkey",
        "runwayLength": 4100,
		"location": {
			"type": "Point",
			"coordinates": [28.9, 41.0]
		}
    },
    "destination" : {
        "code": "LIS",
        "city": "Lisabon",
        "country":"Portugal",
        "runwayLength": 3805,
		"location": {
			"type": "Point",
			"coordinates": [-9.1, 38.7]
		}
    },
    "aircraftCode" : "1b7ad0de-5836-489b-9791-5a81a51cdb81",
    "crew":[
        {"name": "Hakan Antal", "position": "Captain", "nationality": "Turkey", "hoursSlept": 5},
        {"name": "Anna Hassan", "position": "Attendant", "hoursSlept": 4},
        {"name": "Adina Popescu", "position": "Attendant", "hoursSlept": 9}
    ]
}
{
    "type" : "Internal",
    "delayed" : true,
    "duration" : 80,
	"departureDate":{"$date": "2020-02-20T17:15:00Z"},
	"distanceKm": 400,
    "departure" : {
        "code": "CDG",
        "city": "Paris",
        "country":"France",
        "runwayLength": 4215,
		"location": {
			"type": "Point",
			"coordinates": [2.3, 48.8]
		}
    },
    "destination" : {
        "code": "LYS",
        "city": "Lyon",
        "country":"France",
        "runwayLength": 4000,
		"location": {
			"type": "Point",
			"coordinates": [4.8, 45.7]
		}
    },
    "aircraftCode" : "51192f6b-9c26-4ef9-b843-cf241f326091",
    "crew":[]
}
{
    "type" : "Internal",
    "delayed" : false,
    "duration" : 65,
	"departureDate":{"$date": "2020-02-21T15:45:00Z"},
	"distanceKm": 470,
    "departure" : {
        "code": "LYS",
        "city": "Lyon",
        "country":"France",
        "runwayLength": 4000,
		"location": {
			"type": "Point",
			"coordinates": [4.8, 45.7]
		}
    },
    "destination" : {
        "code": "NIC",
        "city": "Nice",
        "country":"France",
        "runwayLength": 2570,
		"location": {
			"type": "Point",
			"coordinates": [7.2, 43.7]
		}
    },
    "aircraftCode" : "a3faaef2-fe54-4949-928f-be93584da471",
    "crew":[
        {"name": "Patricia Mosar", "position": "Attendant", "hoursSlept": 7},
        {"name": "Jerome Trudeau", "position": "Attendant", "nationality": "France", "hoursSlept": 4}
    ]
}
{
    "type" : "Internal",
    "delayed" : false,
    "duration" : 100,
	"departureDate":{"$date": "2020-03-21T11:10:00Z"},
	"distanceKm": 419,
    "departure" : {
        "code": "MUC",
        "city": "Munich",
        "country":"Germany",
        "runwayLength": 4000,
		"location": {
			"type": "Point",
			"coordinates": [11.7, 48.3]
		}
    },
    "destination" : {
        "code": "FRA",
        "city": "Frankfurt",
        "country":"Germany",
        "runwayLength": 4000,
		"location": {
			"type": "Point",
			"coordinates": [8.56, 50.0]
		}
    },
    "crew":[
        {"name": "Engel Wagner", "position": "Captain", "hoursSlept": 2},
        {"name": "Louise Baier", "position": "Attendant", "nationality": "Germany", "hoursSlept": 7}
    ]
}
{
    "type" : "International",
    "delayed" : false,
    "duration" : 110,
	"departureDate":{"$date": "2020-03-22T14:10:00Z"},
	"distanceKm": 800,
    "departure" : {
        "code": "MUC",
        "city": "Munich",
        "country":"Germany",
        "runwayLength": 4000,
		"location": {
			"type": "Point",
			"coordinates": [11.7, 48.3]
		}
    },
    "destination" : {
        "code": "NIC",
        "city": "Nice",
        "country":"France",
        "runwayLength": 2570,
		"location": {
			"type": "Point",
			"coordinates": [7.2, 43.7]
		}
    },
	"aircraftCode" : null,
    "crew":[
    ]
}
{
    "type" : "Intercontinental",
    "delayed" : false,
    "duration" : 600,
	"departureDate":{"$date": "2020-03-20T18:10:00Z"},
	"distanceKm": 6400,
    "departure" : {
        "code": "MUC",
        "city": "Munich",
        "country":"Germany",
        "runwayLength": 4000,
		"location": {
			"type": "Point",
			"coordinates": [11.7, 48.3]
		}
    },
    "destination" : {
        "code": "JFK",
        "city": "New York",
        "country":"USA",
        "runwayLength": 4423,
		"location": {
			"type": "Point",
			"coordinates": [-74, 40.7]
		}
    },
	"aircraftCode" : "00126a63-f342-4ccd-ba86-4a7beecf10c0",
    "crew":[
		{"name": "Marcel Danzig", "position": "Captain", "hoursSlept": 7},
        {"name": "Gotthard Merz", "position": "Attendant", "nationality": "Germany", "hoursSlept": 6},
		{"name": "Bastian Steyer", "position": "Attendant", "nationality": "Germany", "hoursSlept": 3},
		{"name": "Isabell Jahnke", "position": "Attendant", "nationality": "Germany", "hoursSlept": 5}
    ]
}
{
    "type" : "Intercontinental",
    "delayed" : true,
    "duration" : 645,
	"departureDate":{"$date": "2020-03-20T9:20:00Z"},
	"distanceKm": 5700,
    "departure" : {
        "code": "JFK",
        "city": "New York",
        "country":"USA",
        "runwayLength": 4423,
		"location": {
			"type": "Point",
			"coordinates": [-74, 40.7]
		}
    },
    "destination" : {
        "code": "CDG",
        "city": "Paris",
        "country":"France",
        "runwayLength": 4215,
		"location": {
			"type": "Point",
			"coordinates": [2.3, 48.8]
		}
    },
	"aircraftCode" : "4f356f56-84dd-484f-a5f7-b960dfba5823",
    "crew":[
        {"name": "Ernest Boucher", "position": "Attendant", "nationality": "France", "hoursSlept": 6},
		{"name": "Amadou Chevalier", "position": "Attendant", "hoursSlept": 7},
		{"name": "Leslie Nee", "position": "Attendant", "nationality": "France", "hoursSlept": 8}
    ]
}
{
    "type" : "International",
    "delayed" : false,
    "duration" : 120,
	"departureDate":{"$date": "2020-02-22T20:00:00Z"},
	"distanceKm": 1504,
    "departure" : {
        "code": "OTP",
        "city": "Bucharest",
        "country":"Romania",
        "runwayLength": 3500,
		"location": {
			"type": "Point",
			"coordinates": [26.1, 44.4]
		}
    },
    "destination" : {
        "code": "NIC",
        "city": "Nice",
        "country":"France",
        "runwayLength": 2570,
		"location": {
			"type": "Point",
			"coordinates": [7.2, 43.7]
		}
    },
    "crew":[
        {"name": "Popescu Ion", "position": "Captain", "hoursSlept": 8}
    ]
}